{
    "Header": {
        "title": "ILS output for GSWP3",
        "missing_value": "1e20",
        "int_missing_value": "-999",
        "contact": "Tomoko Nitta (t-nitta@iis.u-tokyo.ac.jp)",
        "institution": "Institute of Industrial Science, The University of Tokyo",
        "source": "ILS",
        "conventions": "CF-1.7 ALMA3",
        "history": "2019-05-30T18:20:00 Output from ILS"
    },
    "variable_entry": {
        "lat1": {
            "long_name": "",
            "standard_name": "latitude",
            "alma_name": "N/A",
            "amip_name": "N/A",
            "units": "degrees_north",
            "positive": "",
            "comment": ""
        },
        "lon1": {
            "long_name": "",
            "standard_name": "longitude",
            "alma_name": "N/A",
            "amip_name": "N/A",
            "units": "degrees_east",
            "positive": "",
            "comment": ""
        },
        "BaresoilT": {
            "long_name": "Temperature of bare soil",
            "standard_name": "surface_ground_skin_temperature",
            "alma_name": "BaresoilT",
            "amip_name": "tgs",
            "units": "K",
            "positive": "",
            "comment": "Bare soil surface temperature"
        },
        "CanopInt": {
            "long_name": "Total canopy water storage",
            "standard_name": "canopy_water_amount",
            "alma_name": "CanopInt",
            "amip_name": "cw",
            "units": "kg m-2",
            "positive": "",
            "comment": "Total canopy water storage"
        },
        "ECanop": {
            "long_name": "Interception evaporation",
            "standard_name": "liquid_water_evaporation_flux_from_canopy",
            "alma_name": "ECanop",
            "amip_name": "ec",
            "units": "kg m-2 s-1",
            "positive": "up",
            "comment": "Interception evaporation (without sublimation)"
        },
        "ESoil": {
            "long_name": "Bare soil evaporation",
            "standard_name": "liquid_water_evaporation_flux_from_soil",
            "alma_name": "ESoil",
            "amip_name": "es",
            "units": "kg m-2 s-1",
            "positive": "up",
            "comment": "Bare soil evaporation (without sublimation)"
        },
        "LWdown_check": {
            "long_name": "Surface Downwelling Longwave Radiation",
            "standard_name": "surface_downwelling_longwave_flux_in_air",
            "alma_name": "LWdown",
            "amip_name": "rlds",
            "units": "W m-2",
            "positive": "down",
            "comment": "Downward Longwave Radiation (for confirmation)"
        },
        "LWup": {
            "long_name": "Surface Upwelling Longwave Radiation",
            "standard_name": "surface_upwelling_longwave_flux_in_air",
            "alma_name": "LWup",
            "amip_name": "rlus",
            "units": "W m-2",
            "positive": "up",
            "comment": "Surface Upwelling Longwave Radiation"
        },
        "Pref_check": {
            "long_name": "N/A",
            "standard_name": "N/A",
            "alma_name": "N/A",
            "amip_name": "N/A",
            "units": "Pa",
            "positive": "",
            "comment": "Pressure at the reference level"
        },
        "Psurf": {
            "long_name": "Surface Air Pressure",
            "standard_name": "surface_air_pressure",
            "alma_name": "Psurf",
            "amip_name": "ps",
            "units": "Pa",
            "positive": "",
            "comment": "Surface Pressure (for confirmation)"
        },
        "Qair": {
            "long_name": "Near-Surface Specific Humidity",
            "standard_name": "specific_humidity",
            "alma_name": "Qair",
            "amip_name": "huss",
            "units": "kg kg-1",
            "positive": "",
            "comment": "Near surface specific humidity (for confirmation)"
        },
        "Qh": {
            "long_name": "Sensible heat flux",
            "standard_name": "surface_upward_sensible_heat_flux",
            "alma_name": "Qh",
            "amip_name": "hfss",
            "units": "W m-2",
            "positive": "up",
            "comment": "Sensible energy, averaged over a grid cell"
        },
        "Qle": {
            "long_name": "Latent heat flux",
            "standard_name": "surface_upward_latent_heat_flux",
            "alma_name": "Qle",
            "amip_name": "hfls",
            "units": "W m-2",
            "positive": "up",
            "comment": "Latent heat flux"
        },
        "Qr": {
            "long_name": "Total runoff",
            "standard_name": "runoff_flux",
            "alma_name": "Qr",
            "amip_name": "mrro",
            "units": "kg m-2 s-1",
            "positive": "out",
            "comment": "Total runoff"
        },
        "Qr_ice": {
            "long_name": "N/A",
            "standard_name": "N/A",
            "alma_name": "N/A",
            "amip_name": "N/A",
            "units": "kg m-2 s-1",
            "positive": "out",
            "comment": "Total ice runoff"
        },
        "Qss": {
            "long_name": "N/A",
            "standard_name": "N/A",
            "alma_name": "N/A",
            "amip_name": "N/A",
            "units": "kg m-2 s-1",
            "positive": "out",
            "comment": "Saturation excess runoff"
        },
        "Qsi": {
            "long_name": "N/A",
            "standard_name": "N/A",
            "alma_name": "N/A",
            "amip_name": "N/A",
            "units": "kg m-2 s-1",
            "positive": "out",
            "comment": "Infiltration excess runoff"
        },
        "Qso": {
            "long_name": "N/A",
            "standard_name": "N/A",
            "alma_name": "N/A",
            "amip_name": "N/A",
            "units": "kg m-2 s-1",
            "positive": "out",
            "comment": "Surface storage overflow"
        },
        "Qsb": {
            "long_name": "Subsurface runoff",
            "standard_name": "subsurface_runoff_flux",
            "alma_name": "Qsb",
            "amip_name": "mrrob",
            "units": "kg m-2 s-1",
            "positive": "out",
            "comment": "Subsurface runoff"
        },
        "WaterTableD": {
            "long_name": "Water table depth",
            "standard_name": "depth_of_soil_moisture_saturation",
            "alma_name": "WaterTableD",
            "amip_name": "wtd",
            "units": "m",
            "positive": "",
            "comment": "Water table depth"
        },
        "SMSatAreaFrac": {
            "long_name": "N/A",
            "standard_name": "N/A",
            "alma_name": "N/A",
            "amip_name": "N/A",
            "units": "",
            "positive": "",
            "comment": "Saturated area fraction"
        },
        "Rainf": {
            "long_name": "Rainfall Flux",
            "standard_name": "rainfall_flux",
            "alma_name": "Rainf",
            "amip_name": "prra",
            "units": "kg m-2 s-1",
            "positive": "down",
            "comment": "Rainfall rate"
        },
        "Rcosz": {
            "long_name": "N/A",
            "standard_name": "N/A",
            "alma_name": "N/A",
            "amip_name": "N/A",
            "units": "",
            "positive": "",
            "comment": "Solar zenith angle"
        },
        "Rdown": {
            "long_name": "N/A",
            "standard_name": "N/A",
            "alma_name": "N/A",
            "amip_name": "N/A",
            "units": "W m-2",
            "positive": "down",
            "comment": "Downward Shortwave Radiation"
        },
        "SAlbedoBand": {
            "long_name": "N/A",
            "standard_name": "N/A",
            "alma_name": "N/A",
            "amip_name": "N/A",
            "units": "",
            "positive": "",
            "comment": "Snow Albedo for each radiation band"
        },
        "Snowf": {
            "long_name": "Snowfall Flux",
            "standard_name": "snowfall_flux",
            "alma_name": "Snowf",
            "amip_name": "prsn",
            "units": "kg m-2 s-1",
            "positive": "down",
            "comment": "Snowfall rate"
        },
        "SnowT": {
            "long_name": "Snow Surface Temperature",
            "standard_name": "surface_snow_skin_temperature",
            "alma_name": "SnowT",
            "amip_name": "tsns",
            "units": "K",
            "positive": "",
            "comment": "Snow surface temperature"
        },
        "SnowTProf": {
            "long_name": "Temperature profile in the snow",
            "standard_name": "snow_temperature",
            "alma_name": "SnowTProf",
            "amip_name": "tsnl",
            "units": "K",
            "positive": "",
            "comment": "Temperature profile in the snow"
        },
        "SoilMoistFrozV": {
            "long_name": "N/A",
            "standard_name": "N/A",
            "alma_name": "N/A",
            "amip_name": "N/A",
            "units": "m3 m-3",
            "positive": "",
            "comment": "Average layer frozen soil moisture"
        },
        "SoilMoistV": {
            "long_name": "N/A",
            "standard_name": "N/A",
            "alma_name": "N/A",
            "amip_name": "N/A",
            "units": "m3 m-3",
            "positive": "",
            "comment": "Volumetric soil moisture content"
        },
	"SoilMoist": {
            "long_name": "N/A",
            "standard_name": "Total Soil Moisture",
            "alma_name": "N/A",
            "amip_name": "N/A",
            "units": "kg m-2",
            "positive": "",
            "comment": ""
        },
        "SoilTemp": {
            "long_name": "Temperature of Soil",
            "standard_name": "soil_temperature",
            "alma_name": "SoilTemp",
            "amip_name": "tsl",
            "units": "K",
            "positive": "",
            "comment": "Temperature of each soil layer"
        },
        "SubCanop": {
            "long_name": "N/A",
            "standard_name": "N/A",
            "alma_name": "N/A",
            "amip_name": "N/A",
            "units": "kg m-2 s-1",
            "positive": "up",
            "comment": "Interception sublimation"
        },
        "SubSnow": {
            "long_name": "Snow sublimation",
            "standard_name": "surface_snow_and_ice_sublimation_flux",
            "alma_name": "SubSnow",
            "amip_name": "sbl",
            "units": "kg m-2 s-1",
            "positive": "up",
            "comment": "Snow sublimation"
        },
        "SubSoil": {
            "long_name": "N/A",
            "standard_name": "N/A",
            "alma_name": "N/A",
            "amip_name": "N/A",
            "units": "kg m-2 s-1",
            "positive": "up",
            "comment": "Bare soil sublimation"
        },
        "SWdown_check": {
            "long_name": "Surface Downwelling Shortwave Radiation",
            "standard_name": "surface_downwelling_shortwave_flux_in_air",
            "alma_name": "SWdown",
            "amip_name": "rsds",
            "units": "W m-2",
            "positive": "down",
            "comment": "Downward Shortwave Radiation (for confirmation)"
        },
        "SWE": {
            "long_name": "Surface Snow Amount",
            "standard_name": "surface_snow_amount",
            "alma_name": "SWE",
            "amip_name": "snw",
            "units": "kg m-2",
            "positive": "",
            "comment": "Snow water equivalent"
        },
        "SnowFrac": {
            "long_name": "",
            "standard_name": "",
            "alma_name": "",
            "amip_name": "",
            "units": "",
            "positive": "",
            "comment": ""
        },
        "SnowDA": {
            "long_name": "",
            "standard_name": "",
            "alma_name": "",
            "amip_name": "",
            "units": "",
            "positive": "",
            "comment": ""
        },
        "SnowDM": {
            "long_name": "",
            "standard_name": "",
            "alma_name": "",
            "amip_name": "",
            "units": "",
            "positive": "",
            "comment": ""
        },
        "SnowIndex": {
            "long_name": "",
            "standard_name": "",
            "alma_name": "",
            "amip_name": "",
            "units": "",
            "positive": "",
            "comment": ""
        },
        "SnowReset": {
            "long_name": "",
            "standard_name": "",
            "alma_name": "",
            "amip_name": "",
            "units": "",
            "positive": "",
            "comment": ""
        },
        "TairHist": {
            "long_name": "",
            "standard_name": "",
            "alma_name": "",
            "amip_name": "",
            "units": "",
            "positive": "",
            "comment": ""
        },
        "SWStorage": {
            "long_name": "",
            "standard_name": "Surface Water Storage",
            "alma_name": "",
            "amip_name": "",
            "units": "kg m-2",
            "positive": "",
            "comment": ""
        },
        "SWup": {
            "long_name": "Surface Upwelling Shortwave Radiation",
            "standard_name": "surface_upwelling_shortwave_flux_in_air",
            "alma_name": "SWup",
            "amip_name": "rsus",
            "units": "W m-2",
            "positive": "up",
            "comment": ""
        },
        "Tair": {
            "long_name": "Near-Surface Air Temperature",
            "standard_name": "air_temperature",
            "alma_name": "Tair",
            "amip_name": "tas",
            "units": "K",
            "positive": "",
            "comment": "Near surface air temperature (for confirmation)"
        },
        "TVeg": {
            "long_name": "Transpiration",
            "standard_name": "transpiration_flux",
            "alma_name": "TVeg",
            "amip_name": "tran",
            "units": "kg m-2 s-1",
            "positive": "up",
            "comment": "Vegetation transpiration"
        },
        "VegT_b": {
            "long_name": "N/A",
            "standard_name": "N/A",
            "alma_name": "N/A",
            "amip_name": "N/A",
            "units": "K",
            "positive": "",
            "comment": "Vegetation Canopy Temperature for non-snow-covered area"
        },
        "VegT_s": {
            "long_name": "N/A",
            "standard_name": "N/A",
            "alma_name": "N/A",
            "amip_name": "N/A",
            "units": "K",
            "positive": "",
            "comment": "Vegetation Canopy Temperature for snow-covered area"
        },
        "Wind_E_check": {
            "long_name": "Eastward Near-Surface Wind",
            "standard_name": "eastward_wind",
            "alma_name": "Wind_E",
            "amip_name": "uas",
            "units": "m s-1",
            "positive": "eastward",
            "comment": "Eastward Near-Surface Wind (for confirmation)"
        },
        "Wind_N_check": {
            "long_name": "Northward Near-Surface Wind",
            "standard_name": "northward_wind",
            "alma_name": "Wind_N",
            "amip_name": "vas",
            "units": "m s-1",
            "positive": "northward",
            "comment": "Northward Near-Surface Wind (for confirmation)"
        },
        "LakeTemp": {
            "long_name": "",
            "standard_name": "",
            "alma_name": "",
            "amip_name": "",
            "units": "",
            "type": "real",
            "positive": "",
            "comment": "Lake temperature"
        },
        "LakeSalt": {
            "long_name": "",
            "standard_name": "",
            "alma_name": "",
            "amip_name": "",
            "units": "psu",
            "type": "real",
            "positive": "",
            "comment": "Lake salinity"
        },
        "LakeIceFrac": {
            "long_name": "",
            "standard_name": "",
            "alma_name": "",
            "amip_name": "",
            "units": "-",
            "type": "real",
            "positive": "",
            "comment": "Lake ice fraction"
        },
        "LakeIceT": {
            "long_name": "",
            "standard_name": "",
            "alma_name": "",
            "amip_name": "",
            "units": "cm",
            "type": "real",
            "positive": "",
            "comment": "Lake ice thickness"
        },
        "LakeSnowT": {
            "long_name": "",
            "standard_name": "",
            "alma_name": "",
            "amip_name": "",
            "units": "cm",
            "type": "real",
            "positive": "",
            "comment": "Lake snow thickness"
        },
        "LakeIceTemp": {
            "long_name": "",
            "standard_name": "",
            "alma_name": "",
            "amip_name": "",
            "units": "degrees C",
            "type": "real",
            "positive": "",
            "comment": "Lake ice temperature"
        },
        "LakeDepth": {
            "long_name": "",
            "standard_name": "",
            "alma_name": "",
            "amip_name": "",
            "units": "cm",
            "type": "real",
            "positive": "",
            "comment": "Lake depth"
        },
        "SubLake": {
            "long_name": "",
            "standard_name": "",
            "alma_name": "",
            "amip_name": "",
            "units": "kg m-2 s-1",
            "type": "real",
            "positive": "",
            "comment": "Sublimation from lake"
        },
        "EvapLake": {
            "long_name": "",
            "standard_name": "",
            "alma_name": "",
            "amip_name": "",
            "units": "kg m-2 s-1",
            "type": "real",
            "positive": "",
            "comment": "Evaporation from lake"
        },
        "LakeInflow": {
            "long_name": "",
            "standard_name": "",
            "alma_name": "",
            "amip_name": "",
            "units": "kg m-2 s-1",
            "type": "real",
            "positive": "",
            "comment": "Inflow from river to lake"
        },
        "Qlake": {
            "long_name": "",
            "standard_name": "",
            "alma_name": "",
            "amip_name": "",
            "units": "kg m-2 s-1",
            "type": "real",
            "positive": "",
            "comment": "Outflow from lake to river"
        },
        "QlakeIce": {
            "long_name": "",
            "standard_name": "",
            "alma_name": "",
            "amip_name": "",
            "units": "kg m-2 s-1",
            "type": "real",
            "positive": "",
            "comment": "Ice outflow from lake to river"
        },
        "QlakeDeficit": {
            "long_name": "",
            "standard_name": "",
            "alma_name": "",
            "amip_name": "",
            "units": "kg m-2 s-1",
            "type": "real",
            "positive": "",
            "comment": "Lake deficit"
        },
        "uf": {
            "long_name": "",
            "standard_name": "",
            "alma_name": "",
            "amip_name": "",
            "units": "",
            "type": "real",
            "positive": "",
            "comment": ""
        },
        "vf": {
            "long_name": "",
            "standard_name": "",
            "alma_name": "",
            "amip_name": "",
            "units": "",
            "type": "real",
            "positive": "",
            "comment": ""
        },
        "tf": {
            "long_name": "",
            "standard_name": "",
            "alma_name": "",
            "amip_name": "",
            "units": "",
            "type": "real",
            "positive": "",
            "comment": ""
        },
        "qf": {
            "long_name": "",
            "standard_name": "",
            "alma_name": "",
            "amip_name": "",
            "units": "",
            "type": "real",
            "positive": "",
            "comment": ""
        },
        "rfsu": {
            "long_name": "",
            "standard_name": "",
            "alma_name": "",
            "amip_name": "",
            "units": "",
            "type": "real",
            "positive": "",
            "comment": ""
        },
        "rflu": {
            "long_name": "",
            "standard_name": "",
            "alma_name": "",
            "amip_name": "",
            "units": "",
            "type": "real",
            "positive": "",
            "comment": ""
        },
        "alb": {
            "long_name": "",
            "standard_name": "",
            "alma_name": "",
            "amip_name": "",
            "units": "",
            "type": "real",
            "positive": "",
            "comment": ""
        },
        "ts": {
            "long_name": "",
            "standard_name": "",
            "alma_name": "",
            "amip_name": "",
            "units": "",
            "type": "real",
            "positive": "",
            "comment": ""
        },
        "u10": {
            "long_name": "",
            "standard_name": "",
            "alma_name": "",
            "amip_name": "",
            "units": "",
            "type": "real",
            "positive": "",
            "comment": ""
        },
        "v10": {
            "long_name": "",
            "standard_name": "",
            "alma_name": "",
            "amip_name": "",
            "units": "",
            "type": "real",
            "positive": "",
            "comment": ""
        },
        "u10l": {
            "long_name": "",
            "standard_name": "",
            "alma_name": "",
            "amip_name": "",
            "units": "",
            "type": "real",
            "positive": "",
            "comment": ""
        },
        "v10l": {
            "long_name": "",
            "standard_name": "",
            "alma_name": "",
            "amip_name": "",
            "units": "",
            "type": "real",
            "positive": "",
            "comment": ""
        },
        "t2": {
            "long_name": "",
            "standard_name": "",
            "alma_name": "",
            "amip_name": "",
            "units": "",
            "type": "real",
            "positive": "",
            "comment": ""
        },
        "q2": {
            "long_name": "",
            "standard_name": "",
            "alma_name": "",
            "amip_name": "",
            "units": "",
            "type": "real",
            "positive": "",
            "comment": ""
        },
        "cdve_c": {
            "long_name": "",
            "standard_name": "",
            "alma_name": "",
            "amip_name": "",
            "units": "",
            "type": "real",
            "positive": "",
            "comment": ""
        },
        "lai_c": {
            "long_name": "",
            "standard_name": "",
            "alma_name": "",
            "amip_name": "",
            "units": "",
            "type": "real",
            "positive": "",
            "comment": ""
        },
        "wg01_c": {
            "long_name": "",
            "standard_name": "",
            "alma_name": "",
            "amip_name": "",
            "units": "",
            "type": "real",
            "positive": "",
            "comment": ""
        },
        "swe_c": {
            "long_name": "",
            "standard_name": "",
            "alma_name": "",
            "amip_name": "",
            "units": "",
            "type": "real",
            "positive": "",
            "comment": ""
        },
        "icr_c": {
            "long_name": "",
            "standard_name": "",
            "alma_name": "",
            "amip_name": "",
            "units": "",
            "type": "real",
            "positive": "",
            "comment": ""
        },
        "rivout": {
            "long_name": "N/A",
            "standard_name": "N/A",
            "alma_name": "N/A",
            "amip_name": "N/A",
            "units": "m3 s-1",
            "positive": "",
            "comment": "River Discharge"
        },
        "rivsto": {
            "long_name": "N/A",
            "standard_name": "N/A",
            "alma_name": "N/A",
            "amip_name": "N/A",
            "units": "m3",
            "positive": "",
            "comment": "River Water Storage"
        },
        "rivdph": {
            "long_name": "N/A",
            "standard_name": "N/A",
            "alma_name": "N/A",
            "amip_name": "N/A",
            "units": "m",
            "positive": "",
            "comment": "River Water Depth"
        },
        "rivvel": {
            "long_name": "N/A",
            "standard_name": "N/A",
            "alma_name": "N/A",
            "amip_name": "N/A",
            "units": "m s-1",
            "positive": "",
            "comment": "River Flow Velocity"
        },
        "fldout": {
            "long_name": "N/A",
            "standard_name": "N/A",
            "alma_name": "N/A",
            "amip_name": "N/A",
            "units": "m3 s-1",
            "positive": "",
            "comment": "Floodplain Flow"
        },
        "fldsto": {
            "long_name": "N/A",
            "standard_name": "N/A",
            "alma_name": "N/A",
            "amip_name": "N/A",
            "units": "m3",
            "positive": "",
            "comment": "Floodplain Water Storage"
        },
        "flddph": {
            "long_name": "N/A",
            "standard_name": "N/A",
            "alma_name": "N/A",
            "amip_name": "N/A",
            "units": "m",
            "positive": "",
            "comment": "Floodplain Water Depth"
        },
        "fldfrc": {
            "long_name": "N/A",
            "standard_name": "N/A",
            "alma_name": "N/A",
            "amip_name": "N/A",
            "units": "m2 m-2",
            "positive": "",
            "comment": "Flood Fraction"
        },
        "fldare": {
            "long_name": "N/A",
            "standard_name": "N/A",
            "alma_name": "N/A",
            "amip_name": "N/A",
            "units": "m2",
            "positive": "",
            "comment": "Flood Area"
        },
        "sfcelv": {
            "long_name": "N/A",
            "standard_name": "N/A",
            "alma_name": "N/A",
            "amip_name": "N/A",
            "units": "m",
            "positive": "",
            "comment": "Water Surface Elevation"
        },
        "storge": {
            "long_name": "N/A",
            "standard_name": "N/A",
            "alma_name": "N/A",
            "amip_name": "N/A",
            "units": "m3",
            "positive": "",
            "comment": "Total Storage (rivsto + fldsto)"
        },
        "outflw": {
            "long_name": "N/A",
            "standard_name": "N/A",
            "alma_name": "N/A",
            "amip_name": "N/A",
            "units": "m3 s-1",
            "positive": "",
            "comment": "Total Discharge (rivout + fldout)"
        },
        "runoff": {
            "long_name": "N/A",
            "standard_name": "Surface Runoff",
            "alma_name": "N/A",
            "amip_name": "N/A",
            "units": "kg m-2 day-1",
            "positive": "",
            "comment": ""
        },
	"runoff_o": {
            "long_name": "N/A",
            "standard_name": "CaMa-Flood Runoff",
            "alma_name": "N/A",
            "amip_name": "N/A",
            "units": "m3 s-1",
            "positive": "",
            "comment": ""
        },
        "maxdph": {
            "long_name": "N/A",
            "standard_name": "N/A",
            "alma_name": "N/A",
            "amip_name": "N/A",
            "units": "m",
            "positive": "",
            "comment": "Max river depth in DT"
        },
        "maxflw": {
            "long_name": "N/A",
            "standard_name": "N/A",
            "alma_name": "N/A",
            "amip_name": "N/A",
            "units": "m3 -1",
            "positive": "",
            "comment": "Max Discharge in DT (rivout + fldout)"
        },
        "maxsto": {
            "long_name": "",
            "standard_name": "",
            "alma_name": "",
            "amip_name": "",
            "units": "",
            "positive": "",
            "comment": "Max Storage in DT (rivsto + fldsto)"
        },
        "lkfrac": {
            "long_name": "N/A",
            "standard_name": "N/A",
            "alma_name": "N/A",
            "amip_name": "N/A",
            "units": "m2 m-2",
            "positive": "",
            "comment": "Lake Fraction in CaMa-Flood"
        },
        "runin": {
            "long_name": "N/A",
            "standard_name": "N/A",
            "alma_name": "N/A",
            "amip_name": "N/A",
            "units": "kg m-2 s-1",
            "positive": "",
            "comment": "Inflow from River to Lake"
        }
    }
}
